{
  "model_type": "reward_model",
  "algorithm": "RandomForest",
  "train_accuracy": 1.0,
  "test_accuracy": 0.25,
  "train_size": 16,
  "test_size": 4,
  "feature_count": 123,
  "timestamp": "2025-07-07T21:39:49.701300",
  "status": "completed",
  "metrics": {
    "train_accuracy": 1.0,
    "test_accuracy": 0.25,
    "train_size": 16,
    "test_size": 4,
    "feature_importance": [
      0.005748124890982033,
      0.014178006253006257,
      0.0021053162005542957,
      0.010642231842231844,
      0.012588213175713178,
      0.005954183382754813,
      0.0005541125541125555,
      0.004027676027676029,
      0.0013186813186813187,
      0.001465201465201465,
      0.0,
      0.0,
      0.0007619047619047628,
      0.002123737373737374,
      0.002535834535834538,
      0.004380952380952381,
      0.004115183581850249,
      0.0,
      0.006403490689204976,
      0.006324551638837356,
      0.002700854700854702,
      0.0,
      0.01546815089672233,
      0.014067168325501662,
      0.030811413322127612,
      0.02016450216450217,
      0.0,
      0.0,
      0.02197045826748208,
      0.0019340659340659357,
      0.0014666666666666676,
      0.0,
      0.0,
      0.00474185708471423,
      0.023704132904132903,
      0.012558294483294489,
      0.006907744107744108,
      0.0025925925925925925,
      0.01746666737142928,
      0.016772239400810834,
      0.003820518106232393,
      0.010861456004313149,
      0.004421578421578422,
      0.008798185941043086,
      0.013200651200651203,
      0.0007500000000000003,
      0.027216843762298316,
      0.009808050855669905,
      0.004540681540681542,
      0.0021600128266794933,
      0.029100824043681188,
      0.011506814613957472,
      0.0031639471639471656,
      0.0,
      0.002877122877122877,
      0.004317460317460319,
      0.01385332524618239,
      0.005725623582766441,
      0.0027878787878787884,
      0.035196770689627836,
      0.010783211233211234,
      0.012860221260221263,
      0.0,
      0.009721065530589343,
      0.0032323232323232323,
      0.004828449328449326,
      0.0,
      0.0046975246975246975,
      0.014103567420234088,
      0.0,
      0.0031428571428571417,
      0.002380952380952381,
      0.017175484832627697,
      0.019832033707033712,
      0.005331807081807086,
      0.008500883375883377,
      0.001465201465201465,
      0.0,
      0.00126984126984127,
      0.002424242424242425,
      0.0022574955908289244,
      0.0018367346938775522,
      0.0,
      0.0032345679012345686,
      0.026262705988896465,
      0.002423687423687424,
      0.019308459001316145,
      0.00687881078357269,
      0.007462937062937064,
      0.0,
      0.0,
      0.01775827505827506,
      0.0036427311665406907,
      0.004115619565619567,
      0.011161867761867762,
      0.02431174924962804,
      0.004439560439560441,
      0.0,
      0.0,
      0.039855303801137144,
      0.004948754948754949,
      0.015710801367944227,
      0.008106746031746031,
      0.01636762179619323,
      0.0,
      0.015313444712254235,
      0.0022377622377622378,
      0.01502637362637363,
      0.007773242630385487,
      0.0,
      0.0036427311665406907,
      0.0,
      0.002603717270383936,
      0.0,
      0.0039365079365079395,
      0.0004848484848484851,
      0.0,
      0.009968528825671686,
      0.010533094220594223,
      0.0,
      0.007228549228549229,
      0.0067598116169544755,
      0.0999953357489072
    ],
    "classification_report": {
      "0": {
        "precision": 0.3333333333333333,
        "recall": 0.5,
        "f1-score": 0.4,
        "support": 2.0
      },
      "1": {
        "precision": 0.0,
        "recall": 0.0,
        "f1-score": 0.0,
        "support": 2.0
      },
      "accuracy": 0.25,
      "macro avg": {
        "precision": 0.16666666666666666,
        "recall": 0.25,
        "f1-score": 0.2,
        "support": 4.0
      },
      "weighted avg": {
        "precision": 0.16666666666666666,
        "recall": 0.25,
        "f1-score": 0.2,
        "support": 4.0
      }
    },
    "training_completed": true,
    "timestamp": "2025-07-07T21:39:49.701300"
  }
}